INSERT INTO element (id)
VALUES -- patient 1 address
       ('00000000-0000-0000-0000-000000000000'),
       -- patient 1 photo
       ('00000000-0000-0000-0000-000000000001'),
       -- patient 1 communication 1
       ('00000000-0000-0000-0000-000000000003'),
       -- patient 1 communication 2
       ('00000000-0000-0000-0000-000000000004'),
       -- patient 1 contact 1 human name 1
       ('00000000-0000-0000-0000-000000000005'),
       -- patient 1 contact 1 human name 2
       ('00000000-0000-0000-0000-000000000006'),
       -- patient 1 contact 2 human name 1
       ('00000000-0000-0000-0000-000000000007'),
       -- patient 1 human name
       ('00000000-0000-0000-0000-000000000008'),
       -- en-US
       ('00000000-0000-0000-0000-000000000009'),
       -- fr-FR
       ('00000000-0000-0000-0000-00000000000a'),
       -- franzoesisches Kaiserreich organization reference
       ('00000000-0000-0000-0000-00000000000b'),
       -- franzoesisches Kaiserreich identifier
       ('00000000-0000-0000-0000-00000000000c'),
       -- Staat
       ('00000000-0000-0000-0000-00000000000d'),
       -- patient 1 contact 1
       ('00000000-0000-0000-0000-00000000000e'),
       -- patient 1 contact 2
       ('00000000-0000-0000-0000-00000000000f'),
       -- contact point
       ('00000000-0000-0000-0000-000000000010'),
       -- spouse
       ('00000000-0000-0000-0000-000000000011'),
       -- ex-spouse
       ('00000000-0000-0000-0000-000000000012'),
       -- extension 1
       ('00000000-0000-0000-0000-000000000013'),
       -- extension 2
       ('00000000-0000-0000-0000-000000000014'),
       -- meta
       ('00000000-0000-0000-0000-000000000015'),
       -- coding public
       ('00000000-0000-0000-0000-000000000016'),
       -- narrative
       ('00000000-0000-0000-0000-000000000017'),
       -- married
       ('00000000-0000-0000-0000-000000000018'),
       -- patient link 1
       ('00000000-0000-0000-0000-000000000019'),
       -- patient link 2
       ('00000000-0000-0000-0000-00000000001a'),
       -- patient identifier
       ('00000000-0000-0000-0000-00000000001b'),
       -- Dr Alban reference
       ('00000000-0000-0000-0000-00000000001c'),
       -- patient 1reference
       ('00000000-0000-0000-0000-00000000001d'),
       -- patient 2 reference
       ('00000000-0000-0000-0000-00000000001e'),
       -- nested extension
       ('00000000-0000-0000-0000-00000000001f');

INSERT INTO address (id, use, type, text, line, city, district, state, postal_code, country, period_start, period_end)
VALUES ('00000000-0000-0000-0000-000000000000', 'HOME', 'BOTH', 'Musterstr. 31\n00000 Musterdorf',
        ARRAY ['Musterstr. 31', '00000 Musterdorf'], 'Musterdorf', NULL, NULL, '00000', 'GERMANY',
        '2020-12-01T00:00:00Z', NULL); -- patient 1 address

INSERT INTO attachment (id, content_type, language, data, url, size, hash, title, creation)
VALUES ('00000000-0000-0000-0000-000000000001', 'image/jpg', NULL, DECODE(
        '/9j/4AAQSkZJRgABAQAAAQABAAD/2wBDAAQDAwMDAgQDAwMEBAQFBgoGBgUFBgwICQcKDgwPDg4MDQ0PERYTDxAVEQ0NExoTFRcYGRkZDxIbHRsYHRYYGRj/2wBDAQQEBAYFBgsGBgsYEA0QGBgYGBgYGBgYGBgYGBgYGBgYGBgYGBgYGBgYGBgYGBgYGBgYGBgYGBgYGBgYGBgYGBj/wAARCAC0AJkDASIAAhEBAxEB/8QAHQAAAgMBAQEBAQAAAAAAAAAABQYEBwgDAAIBCf/EAEYQAAIBAwMCBAMEBgcGBQUAAAECAwQFEQAGIRIxBxNBURQiYTJxgZEIFSNSU2IWJEKSobHRM0NywdLwFzRU4fFVY4KUov/EABoBAAIDAQEAAAAAAAAAAAAAAAMEAQIFAAb/xAAvEQACAgEDAQYFBQEBAQAAAAABAgADEQQSITEFEyJBUWEUcYGh8DKRsdHhwULx/9oADAMBAAIRAxEAPwCnrfKYKOFgxUleG9MY9dGqQSFMszzt0Zzgjp/7HbQujpxFHAuVmwAGTqK8Y5GTproklrDFDDGSBjJUHpH4440I1d2MzP757m2niftDBEkRkqcGTthu3/zxqfGFkOVhXH0UY11a2So46wVx36fs6J0lIKdB1DKkkEg576XZSeY0LAvhJnGGhgkCL8LE59T05xog1kp1ihxDBxgsfKAxn241OigrJSrQ2msMRTIdaZyp+ucYOpUbO0yq6qCrdXQV6W9OPu1ytjgGSSD1nKitFOtUkj0kBQfKMIAT75J40x01utQjZo7fCWYA5ZVPOOAcjsdQoFhYhXGPUlxhQc+miSyJGFQPllI+yT29sjvnOqMQYQGT6KzW/wAtGjo6SN+ggloVZjjHP457+2g9TTWyG7s80dOqgHOFVeo/QAa/JrgsUqoknQVGA5zldQp4YJlJVyzk8sTk/frlQ55ks4I4hmCexCMQrS05b1d4QR+HHGvTUtoeoaVqemZsY6hGvHfHYagQQQwxvIx7d8kAfcToVW1bznyoZcqDykCkjv6txoooBOcwRswIxSVG2rdCEqfLaQDhIYuph+XbX1uzxEt91tVNR2imqad4o1jeYQxxK2Bycc47eml6KxTyU6zNIsXV3GCSP9dGbbSW2kJSrpaeUMP9pMnW64/cA4H5c6rbRWSGIyRISxxx0ErqoM6S5ZmKy8GQksTn/v00Y/o7aDRhqRKq5VfzB5fKEdOPbBz1Egcn3yBp/oKjalBXyVUtklrHK9EZdlXoHqTnPPtjtr4vO7nrWD0tIKeOJelIVY9KD7hjJ0Oy+3pWn8CWWpDyzSv12jVOqCSBYV9ML3+8a7xUFptMnSZIWmPc46j93tqfVXWSpkKVD1CKTnAwD/hoTPFalCJEKsnByZHGD+AGiI7scPKNtUZWfq3NYZQkEYHUe7Dj/DXf4hvaD8hoQF8tWyAY8+q8nX75y/up+eikekojE8mK1LZMWyOqqWjWNxlIw+XbnHYdvXk6I0kZo5BJT+YgORhWPAPfXCFIkYR9Rzn0HfRiF40JIcM5zkD5tDZyOsKAvWeQu06PMzn90Mc4+/RqEI1NyxLj075H00N6mI6OCf5sakQ1gLNHEx6u/wAp5+7jXZZhxFmepTjMp26703rtXxoh27Tb5vF7jhq40+ESskjBjYdXkMUIIk5CfL279zgP1D4yVQk+GvP9I6Fgcj4vy7tF9xSdVkx/wyA6c9v0VDR7jiudPabas5nEssr06gsSeWdgAT6nvnIGrGrrdsDcNP5NfaqR+rkOuY2+/wBdec7U7vTuo2+XUT3fY+s+NqbeCcYB8/KINj3nta/Uj1Zqo4Y4FzUSUfU0cY93hk/aQj6/PGPVxpiMlPNRmexVEVzhaMyGSnPzxjtkoecDIzjI5B7EEhN5+Fmy1tQudmuTWitp0MkFRHMsTkj1VmYAn6ZGqi2vvqXYu5DQ3qtW3NCrrBUVVOYYqlZATGWC5CgP8uRjKSn1jTVNLqbnBNZ3Y8jz9+sJq+zNGRuPhz59Pt0lqmvoLbPFU3WVjTPKkbt0s7FmYKAMf2ueB6njB0cejja4VNNDUec0EzU7HoKkMp7FTgg8g/5aB0e9PD/dgpil8pqOurD5fwfxQhnSYYPl5HHWD2IPzDtnSx4j7nu3hzU1F3leous96nWqoqulnZYJzH9uGfr+wVDf7MYJUgr241Ktc1lqqFO48bT1+Y+8w7uyhXUxZhhed3kR6fP8yZYUVqgdOqoYtg9mOB+WiMVDAgwiIFPAJGBn/v10L21vWxbz2dS7hslVDOsssdLNAWCzUszd45UzwQMnPZgMgnVV+K/6RFrN6h2x4b2tqm3rU/q+S/Gc9U82QpaBBjKgnhmOGwcDGCWn1Lizuq13MOT7fMzMp0osAZ22qTgGXp8Kixkyt1eoBHYn1+7XyaSKQqV6SevA9FP3HWeoPFirsXilV7Sl3DNaqmGSNoobvKZ6d+qNSYZJXbhjnqDfLjqxnjGtHWGpt1xs61Fw823VKjM9NI+Af5o37MnAwR+OqHtBVIVxgnp7/KGt7NesEqQwHX2+fpOEdslrJ3Wmp/NEa5ZQQOcn39NDqmypSLURymUzMAY1gKsnPPzepH3aKXHdVktlFNHaxE7spXJkOT7fMfx0m1G4qyRXFLVRISefh0LY+hYj/LRa2usOQMCKM1SDBOTPuspYKKUCrqAhAGIx/tD74Ht9+gNylgyrxRhMjKjq6zj6n019TpUVExaV3lc8kkFiddFsVdVfIYnj57yDgfh30zjb4naKFy/hUQB0y1EHTJVJHHnOftMfp7Dt66i+VB/Em/LTTU0dvoMxiMOyKAZH7E45wD20P8w/u0/5DXbs9IRQMYaLC9JYsqv8p4HVjOptPK6rhlOfqcDSvTXSpjuscs88tWnZgWyek4zjPrwPy05CoofhIp6ZY5RIPkYc5+8eh+h0ZdjDa3WZOp71bMr0n7EVdvMqXAQc9RzgnXaG60sR6YIx0A/M5/5DQ6b4iplLTOFQDAXt/lr9jjggDAOJGAGMDAz7auawoyYEOxOBGCC6SMUmNMvkp/u3f7ftx6a47z3gtqpPi7RJJa5KSqjIFbbJJqe4QumceecJGS2EXBLZ9PTXOhhonpA80hVxzyoxn/saCbuu+5LbQUi7ZvVqtM7SqYq2uiPXSsT0GSJwDg4Y/Ke5wRyNZet0iXFbCvT1nouw9fZpi9O7hvsf9/qOV133TReCkVvvMm1rbuqoqaW31Ehq1r0pkkkBmq2pmBV0SMSArg88d9U/47bs8C6TeK2vw82EsCQqhlvsc8lMKyNlyEjp/sGM/KC7xtxkKnY6V9yeHu9NpbwobNa0tu5Kyniarint1OGmlgI6Awik7kBnz0huk4b0yKwuEFG1RWM/6voZBI6PBJAv7D5sFCG+YNx2AGOffQ9Jp6Bh6z78fnT0zNrUtqM4sJ+slR3zbVFWTXShRoaumnjakipYmiWXpbzOp8EDIcgDgHpQHGdWXQeJtv8AEe317+JO6mNz8inoaCmShISDpx11ihGWMzscZ6lLFesZHV064+FvgLuTxZ8O7luWzxJTWy3uaenapTElynwMiPgKioMcAnJwO/ImbZ8KmodmXOhqYSL0lShqRBPEyW4IpDNVzvhYQpdh0J1tle/bLNzVHz8Q/cRWtnztxkHqPIz83BUt4bbDqts0EkM+6b4nn3A2uRWShp1DRhPM9GYdeFPK9bHGcasDw28F7bdP0aaTcF2tW2VNfFLcGnut5qswUS9AEsFPSgESBy6kP1E9K4K5wF/eNRbaDwd28u7LMta9PFWUlLVq/wAJURpC4QMr9BIIY5+YENhlYZ5H34eVW4aXYtPRXm2QXZJaoNSyq8r1UFFMpeSFgrrCoMixuiOCxMj9saTNzvQ1oOHLHJ9fLjp0xjH8xxNMi6hKDymBj2+f75Jiz4NeFe3PEPxxuVgutRXzU0lPU1NDA08lBJW9DqAwLhm5UyOVJzgd861XbPAut25Zlt1ms1ZT2yGQTR0zXqpqkVx6iMyFfQcYx9NUV4j7sl2JU0US1viHs2tkfzoQKKikpamMclXjEgmcdstI5DAkBANFvD/xM8Tt7bqqqiweJG9pNr4P64uNwko4DSsEJVqeLDqgBx+yXjGMkdwC3V3snejG33z/AD0hrOza3tKVsc/f9uuJZV0hkt881FXUVNFO3zuEHQ4HpkkZ5+mp1tpbHV0EUkVujEzN0srylugj15PY6Wdm77tdbuSs2n4jb+ul1eVzHSXWueGalkkIwgDFA9K2cZUMyN74OdMLUFPQSFKxKgzo3Q0cS8Ajg6f016apChyrD58/n2nmu0dHf2XcpbDIenliHEqKMpHDFalidF6XFOuPMH8w/wCZ99fNdDCEEkC9DdOMfX7+2h7X2GmRYKSlMZA7SOQAfcj1Ohk18maCUS9TNgdDFien8Nd8KQciB+M3DE9V2R7hTzN1/L0EsY16j92kr9XT/wAKbU6puFUZGkWWdSqkK0chVjnj09xoV+t6v+O/+H+mjCqz/wAmct6jrKwj6o6s+W/Uyt2x39xotBUSQOZYJBG57jGQfrjQpw/6ylPSgUORg5B76JrTh0Do460PSeeB7DGiFsYlSm7MabZuCxNGkd4pbhFL61FM6yRt/wDgQCPzOu1Lc7fV1kkfyxKXxCSchge2eOD/AK6Uoo+l+hhlR3HqPqNSxTAKWVTkfMMeuu34PJgTUpHSM96ra2z/AAVHSUqSXGvqhSU6VQdI1PSzu7456URGbjknA9dRay10Fk+A3NfLtfrmtLWJPeJWREiSl8uRcxQIcKkcjxyleSQpJJKjXGkqIquOKnr5qpI0fzqerp5As9LJ0lSyMwI5DMpUgggkaadr1VPJuM7bvl5gNcy/EUFdJF5fx1OPtdSLkCWNuHVeCCrAAEgTY+R4uJNWF4WSb7aYL5aYazbs0jXC2la+hcKJPNXIz5bA4B6TkA/K4LKR8+Rbmy/CLw38XNmUe+t+bItdXcXYJFNAfnIjJB6mUhsE5+SQdajg4I1I8EfDH9U2a7x3C50sFq+LdLPDTyjzYonw/S2fsqr+YETJBXpyOMaP70ju3h/c33BZLnbmNwLJXS1krwh3VAYy6hipY4IMuAVGB215/UDZd345Hrn1np9NeW0o0p4Oft5fL8EX/EzdO09o2622mnhvtNaqaQQQ2izRCljRVHV0cdOFYlQWBByeD3Os/S3Hc9wod47gtOydq7btttgMnx/6oWoltzOyjogkd+n4g56iVU9H2ur0Nz778QbFJVwPb4LZumtooVqbhcHr41pKFWGQpkQMSx7fIpYDuVzxnfe1b4ibgpBYbft+O3UV7uEawVFTG0JmDPmJIY3KJ05kHT8nU5IweCwjTnJxjk+sItbAZPAEry3T0u6du2K3XSSsvFRbJJ6SlomlKNUNUSxSQIrHtlxMzMchE5+0Vxs/wU8P6K3W+nrYJqW83GTKy3dYuijokz81Pb4jnjIw032mOSzHsKH2z+jndts+PcdLevjK/a4t5mqLzSwPClIPKPmrK3zLHIVXoyGYYdukkjjUdv8AEWw0e1Ya6x1tm23YkQQUl1vWYIpgvyf1amLJJIgIx1HpBxhQ3fSfadjOwqrJ29ePeaVZRaO8UDcep+XT/wCfWDPFr9HvaniVdoLxeYLlLV0ylY0o62OmBGMfMWRicY9xrNXibY7T4aWmj2/bqrdVnpqZPLSc0EU9NIck5kljKgsc8nucDIOnPfv6S+4LZ8RT7T8aPDW7zKSrU1RZKyhmH0DsWT8SRrMu7PFPxFv14lo7xUrTTTxiSSOnX9nOjL1KwIJV0IIII0TR6PUEhT+geR4+xELTqFrrLsck8AjP+QbTU9fdtyUm3aJhVx3Wsgp4Hiz0sXfoPflfl5ORwBntrTm2/FOg3ZebnbgiiRKydKWRQQkkCMenJ9HCBfvGPXWe/DLdtLsneRrrpt0X9XpXhFOtVJTyQCQFGeIqCA5UsoJHGTjBOdaFs1v2/b0+Np7WlmikQLDZ6f5koIc9Xl9XeSVj8zuSSxwOyjW9QrnUAAcAdfz6TG7aen4UizlieB6H+uefpGKauR3DxpCmeGCtkn89QqlOqNWMmSRkkDP46+ReZYD5dtRKaIkk5AlckjGeojgYzwONRpq/Mcf75HIAz7849TrUFJPQYnjc4OZyajQUz5fJIx6DQbyaT9+XRiF1qI5oHDFjlnJ5OcH8vroJ+rJ//UN/eOqgBYRckRKQRVMwngkSSNyWVxnI+hHoR7anJAkqgMY3fPqORpLttW9O7hCVypVgO2fRh9RqdHeLnTXBv67IkoPT+yIwcevsRpRuRHuRGOWlrfNX4SlJGOWj+Yk+xB1JppKyOQxEuko+0jL24549NcKfc1/rrb8BJXlUJy5RFVz7DrAzjXBaloLp15diwHUD/a+v140InykDpzJyTCKqZSh+U9WMYznVy0O2dp7t2XFTXHbVVXIQsqsegVEPSMiSNiolGBnEkb5x3441UlP5c9fAz19Nb1eRUNVVTLDHESe7O3AHbWnttXzwds23IbNcPExrlWR582tjimZA65LCMiMqoHPqc+udK67vLEAqOD88RnQIos3MMiJtzsFZW0dEbb4oX00pVY0t8V1arrJOnsHjeF5FVc9lLE+h0ese4tzWDw+qm3dvugEyBqanaK2PJWdTA9CSPKPmbqIIRYySF5x20MvHjZsWy3FVsvi3arukq/DhYoUjuTBjjpZXjAk9gAASfrqoazedvpRNUbbtNfcbhdTURtfL4cT0IwVYUuOElUdZGAZC3SAAAdZHdXZxYvPy/wCzfXYy4U8QFvHcG7lpKev/AKT3Ovtgq4kMNzFNSmSrVsrI1JSP8TJ5fqXVwDkdOQcVPuLfPiRLvel3/uLc/wDSK4wulRG08cmKWVOkAeWOlUkKxqGIHHbXfca7cr92Qra2si5hLLa7VHUSVhbqKrEXZQ8857sDgZz2GnWo8K9tUOw7rXz0t+hanoI7hWzSFVnoI2jIQmlYD7TA8M3UQuRgHOtiu5Kgu5cE+2IHuTZnB4Euvwa8QPFTcngTumshjttRGsguRp6aUtUUySOQGUYwUHQz4zkBCecgax7DUeIs9MaU0Efnk9Ekk8kcUrsDksxkIJJ759c51uLZvhDaNtWvbtRa9x19PbqKkgraeV9v1DVdZIWBd54n6BhiREkYD/Kq44GdJf6Sd6tUdtew1e7Nt7i3AtR/VqK0WlEFH5aMPmcOSBGjD5T7IPYE+j1D0MzV+cT1Omp1RRAMn056/wC4zMox+FG5KuxXW/3+ohtLQgyxxllmMxClifkY9I44Izye2Nft43HVbrSzpW0YS72aiWkWeBVRammj+yHUYxIoYjI4YegPeRcd+7mv21KujrnoVgV+hHpKRIZCcY5K498HABPPprhtSxT3nfNvpoh0ssqPK+cBQOTk/hozuXbNnUdI1p6+5rYg8f8ABLZ2psais0prahjVVzY+dl4iOOy/d2z/AJaflpHIUMGbsQvHfX1QUhjcP1IBnnI5HudHRHTjpBder97HoPXWoDXWMJPIW3Pexew5MFQ05p16+rkgjOM418OYxJ5vVGCMhh3PA40XNLEX65ZTzxhuAc/TUR7TBPWOICwOCelT25450PvcjMH6AQdBOVMkBGQ3GBwOe5H00N81f33/AL2meqsz09B581UgYt0rGEySR3yc9uNAvgY/p/d0HKE5EZG4cGUpAHFRgNgdXp6a53Na2Hz6igqGDxo2IwoIYj1GR344+/U+AJGWBYD26jj8B78emptmtNfuXc1JZ7XD8RV1sywxRngMSfX2AGST6AHSe4dTHz1AxJVlnp5KVKhJIwsnSFZmAHPbB7H8NGJIxUYREPxCthVwSz59APXTNcf0cdn7bd7NVeKTLuOY9cVJSUAajpuezvIfmbkgDKnHp2002jb3ib4SeE6/0R2d/SHddbVNDHe6OFatKCkXheXwyM+SSccAcngaWbUoRuQ5MKulYttPAhH9Gi1vdfHJoaqjikFqtz1kq1SZaFncRRYRh9okScnsF+utqTP5UeTJIDjH2iNY08DLvvW9/ppXm63W0S/FPtimpa+URNBFSqo446iGYyocEkggk8dtavvE6C2TGrq/KRVy5DdP+Og3WgDJHOBDLTt8IMWd52ttxUr1FNfpKCaAEJIkrIwPPqCRwSD9kkEDVH1XhNHe6uksu17xSx1dA8k1RepIZKmVHkx1HqLqFHBwPU9weTqwd3b82vbNnNDTfDLlcqqAFvv9zpP2DuiXc+07pt+x1AoqqNpZQwQKGLYwxJ+1jPSfbH11h6x+7U2p6zZ0iWN4c8CTE294P+B/hlVbZsldRUlznpHiqLrUSI1ZOzDBd3HKjk/IuBjj66y/LuWt3i2+7BSbkE1uqKJay6T0qqpqkjYRxxgk546wMdsdRyMDALxg8JvFGwb5hikrU3ObqSYJ0AVhIRkxlM4U4Bxjg499JIuPh7tyzRRvuHcVyqqsIa6mth+EE0OAxp3bgIQ4wch8c8ZAzodm6MFTctm9mx5Zxz9vrLX3HTgIU8J8z5+38Sy99eOV2rd2Pu1blV26NqNDHLAxWSpVlPRCfmDlWVRzkHAyeDznu+7qut8u81SZGiaqARliI63XOQp6QBjIz0qAM+mot4utbuKuNbOnkUsIEUMKs7pCvogZiSzHHckk49hwc23sTcV129U7hoLcq0FMwjludZKlPSwMey+bIQrP7KuT9Nb1VNWkTJiVuofWPheFEf8Aa3hJBLsWG61l5E0ksb1VRT0BDuvQD+z6s9PUOkg+xJHpqwNgUm3aqwxXTatuqIY5CY5PictN1rjIY9vY8d9V1TUHi/dNvUljai3PU2qmiEEFLTRvBA0QHYHpUEHPrnOc86sfalxvWyts09qrfCTccMUbGWSqpa2KSRmPLHy3UD8AfYaiq5d5ZsfvFu0KGFIrRyx9AMYHv6/nEsmno2pKdDWJmVx8q5wfvOpkUNSflhpPmHGSM6jbY8QPDy+1y22kv8lJc0YAUV4/q8rMT/ZLHpbn2P4asZFMeVkXDeoIIOPbI1d78TA+HKHa4wYiz0YEQlqVzLESVLdgfoNcaSB0j6s/O7ADHp66NXYGeqCoCApz79R9NflFETN0hUKwp1AsOCc/5ahn2rmctYZsQDe53MkcaPzHycc5ProF+sp/3X0x3mOMysZgUZcsyoPrxjST1J7/AOJ1WlfDiHd/EZn22yVm495UdjgtlRWVtYVpvJo+psnnGAT8rYwC3AAyTjnV13W8P4VbQNl2lWUr72udNmrvfEiWulJwwg9ix4848ueEHSOrSj4XX69eHXhhfvECisUFy+LuUVrlrC37emhYZcR45w2QDgj0ydRKezVl2llum5aupqrhcJfiqofYDOR8qkd8KmFAzgYONLPmxtuPCPuf6muVWsB88np7Qh4P7A3Hu/f8lwtd6u0FLRM9RcLpLL5uf5D1ko7ysRwfqc/KdXrtLx6isUE1vubQpT01RJTQ3dFf4Gq8tyhb1aIFlIBPHHqNIdsXcdH4S7noNs7qp9urSGnqws3TFHK2cdBkI+ThT25Pp66Rdu36zLt+mhtP9bEPVTOr/KA4OSW45Uk575IP36Wsr+IZs+XEL3nd1hm5zNR1/wCkhaLd0V60dOkzx9Iro2VwV7/7RMqfxx37ar7c/wCkNb73uuogqtwMLaaToY0j4EkgY8jPOCPyzj01QF1tFNdKj4qaNKV5z0sLevw6g9vsr8p/EHUen2zAPLpnkgpoY8/tYaX9u7EYDOzMQ2O+BgaldAqjGZC6ynzGDG62biuG/fGCzbQs5qS1zrUpwxb5oYM5kkyeAwQMfw1qbxEstHtzfG3pfDungpbjaqKKjntrS4jljkyQgYnCyFPmJP2iUJxjOsZ7PgvPhj4zW68Sr501NOZYKhgSk4wRkHuOCePQ9xjTvufxpus3jRuKWSZoY/1qzKqkA/JAEQevHyKeND1Gl7wbAMgCauiuTvgxPGP5h3xt8U3r7RURWkut2s9Qpcseh6edGzgjv1KQM44HvzjVB72tVLWSJveGgdLDeZJKmnEZ4il4aeL6BXY4zjPp2OtH/pD2Db1tsm3d92yMLWVdNFbLykYBWokMfmRyt/MVDRk+uEzyNUlsy+Wcml2buOoSptVBdzcYYFwxkSSBiIxkdOPOEQOefmbA1bstfhFzUuR5++f6OPvLdotXq6dhOOeD5gj09iOv0nDwr8OrTuyCr3vv25U1n2Nt508+j84pPWu4LJDGByA+Pmfvjhck8bP/AEYtr2rxKqqjxK3LZ6OK22ip+B2xtsRgU1rVVBaby8dJlOQAxHy84551nnee3LfI9OYLlTVEyS+fUxw0oCNP0BPkk4LRoFAQMvHJ9dao/Rjt0lk8KRWAsiVdUWEZ9f7OR9+NRqdS9rCyzr6en5/kReqvTo1dHT18zNF18aVEHS4BHsdVjvW3W/4GUPAmCPw1YtZWRxUOSfT01nzxb3zHR08kFI/W+DlVPb66U1OGfHrA6ZWPSZw8VbXaJ6uQ1FFTTR9ZI+RWZPbBIyD66h+GnijdLEJts7nr3mt0MiQLWz/apA/+zfPrC2elh/u27fKcAFuC+zXm7s0qkgHkt76U75UUdjvdu3DcqA11oZWoLpSpIVaWCQ+h9wc/nrV0/hUK3MpqahZnI4msJo3FQ7OhEwOFUj1Hr7cc6nW2hlmd2X9mKeMzSuTkIq5OT9f/AG0q0G9dtXfalmpLRfrfV05hihirVfomqPLQACZcDEvyjOe5BI76MS3i7taGts9zkelYEmMNjqPPt306EDAMs8/YWpYqwhKmsVnulpe6zVcs8lT5iwwAdH7QDIVmP1x2wOe+q9/VEn8H/wDtf9dMdqgg8l6ytnSKGHPlKD8zt9w5wNR/Oo/df7uoIKniQrbusoD9Z363+ClRty5istEVQgqoqGkbyBVGRipUsnMnWGjwGOAMkjjOh20L/ZYJaXbPxUk9VHAIYp+gtA7DJOGBz09R6QxxkKOedIVo3HV2upip5I2uFNHMssaSucxEcER89mUlSO3qNSN0XVKuuhS2ORQLTRtKQDG5l6CGGO+QeoccHQ66gCR68zev3sApHTiWJbt43G37xUX2ipa+Bo5Y0SgiEKvlOenPdiMAOe3PJzrhbqeaOm86oMa1M7maURjCqT2Rf5VACj3xn10jTbkuFwezI9OQ1NAsNO8MKoJSuAoY5z2BBUcDP36bE3ZZqdo0r46imllVnVVTrVsHGOr07/hg51XaqnPmYG4WuorHQQgsZEUkTMSS/r6MD/8AGpkCCWIiUZzxxx0nUt7fmQFASHUSZHOeME8dx/rqZBZKtpWkhgYxMAJOphGoPfOWIGdXYgDJMz1BJwJJSWiuNvFpu8K1HSAVZuC/HDKw+y41Wu7fDDcEFwqbzZ3mvFPKzSvGFxUpkckr2f71/LVj1VsrVEcs+EUN0RzowZWbuB1KSNFKK5yU3y3IFWwOmQLkH6Nj/Me2grYOqmNo70nK9Ihbm3Pc9xbOqLAzSTRMsYWKU8KylQq47jtj0+7VZrDJJFbUpo3WpjjqIIkBCxqFkLFn4B+QclTkk9I7ca0ldbTZLtQS109phrG8piViU+ZLhcgKwIJJxgc6pyt2VfqW3rve708lF0TA1VHIuHVZWKyPx7khjn39eTrqHKKRGkdbWXylgbRhq6+spLTSwNV3Crnjp4EU8u7HCjH1z39ADr+hWwtlU2x/D+gsElYa6ppkzPU4wryHk9I9FGcD6axP4P7epdr+MG0twpdJauKmqlKrLGMMJUMQbg8EeZn6Ea2TubdabdozDO5eYMQQnJJ9tY7gqfFzH7rVuCrX9ZL3NPO9HMiuI4wMdZONZk8ULnabXTyRQdNRWOpVnY579/u138S/Gat+ElpqWF4A3Akd8dj6D/nrO1buGe5VrTz1LO7HHznOP+86hKizbjD1IEGJ9upkn63XBzyVGgm44WvdbbtsUcSvUVk6IExnjPc+w/5A6m1d+orRbJKmokU+o+bkn20j0fiW22r3Ne7dFRVl5nRhHNKjSJRg+irkAsR3Pp9cnWrp62dt0X1NgrQheTOO6aCHw08ZqyxWq4JXUdPIgwGyAHQFkP8AMufzA1pvw3vUu4fCG03StHXUCOSlkcknraNynUffIAOsVzVNXdL5LX1c7TVVRMZpZW7u7HJY+3J1tbwvtLWrwg25bwrRuKXziD9os7M5JHp9r8taTME5mDrF3VKG6xgIxEU8sdsgHOCfuzr46Kv/ANMv5DRJqCURGdEc4QsXUeg78a59FR/Am/I6XsOcRKvwiY3htdnq6MiKtemnQ/PFORgsc9s+nbtqRJtyYIPimR6cgCKTOU59AwyAfxGpNnVdwW2OlSAs8BYiRQmMexH2gfqD+GikFlr7dRxzwzMsjcJ5CnJ+jL9lu/Y86SYuPOesayvOImDa9xp3Y0UyySq/WIzgcj1B0Mq6CsjkZKi1Gmlx1AsuOo89sfa51Z8sjRJ5dwo2V0x+2p0AIP8AwnsPfBGur1VFNaJLfClKryLgLV04Zgcd1D8HRU1Dj9QirKnVTF3be4L1QWZLVWpc5qYOGjCTtT9C5BdUZhg5xjB4GDjnTlT3i2ishM1fLRxtF/5O5K4HWFAIDksA3BPVkZLAYxoBUUt9t9vJoaC218ODmF4TDIO3YglW/HGg1fu25S279WXCyz0UgjZo1YiWMsT9rokXgH16W0Iq9jZUDHzhiKyMKeZaN2pUm2hcoBJNRwqVRZ4SyxvjpbPUCFOQUGCSRk4Gca5bZ3DSX6lFJJG7VEZ8tlhYuG4JyOOM4JycdtUJTXa/QU0q0dyqIYZspJFFKVR+Rwy5wR27j00Wsm7LhZq8y/CLMrt+0YnHWpPUykDjvnGmhSQpycmKNUxYDGFmiLZSLSXtE/WqUXxDCOnE7dCu/wC6Sewxzn/LOrnTYFgrNnfE7yrJ6alq1alkp7f0To5IPzdYZulSMEA+45Gs0eHe79mVF2p6m/XHE1LKyU9HW0z5MTMGI88SBSyFR0dQ7HHsdaRrtpbe2RtGq3LRR1dfapHWrkt1cYo6VTg5jWUDrcNnIGODjLazNU7VttziEp06vgkc/nvEdaCwbfpvh9vXyepo7VAJFFwjAqHRSOQV4LKSM8gYx9+n8+LFFfNu3K6Q264bhuE7xxpDRlKaGLCcsZ5CEBJbGBnt29Nc7LQ7I3hSU9427brPS/Ds0tTRV7JCaANwRlZOsJ7gBlPDYGdFdxb/ANs7Mgpls8WxDU1kJiFXSzy1StgZ6VZUIIPufXuPXShu3DaykmOdwN25frMk+Idw3dVM9xk2beKOkWUpJN5hq4o8D+IsYU8+oJGqrrbzcH6BCKuLDZ+U9KnBx9oemeDq/vE3xct1dE9PSb1s1VVOWAhpbdUQiPnGDMuM+uPlwPr31QN0u1zu90WR54ayqfES+QiNLJnjBCAhyeBnGT663NKoZQxXH57wNu9TgGEZ9r+IC0MNyrKCCop5o+qCZ6yFViPuQXGCMHhuPXnSxHbq+p/q8VTTM0jkLTU7eY0jD0HQCW/M6LGfc23ZnpXtc1C5Hl4rYyrKPZc8/lpu8L972fa36xivNvjaWuYdd4AZpYf5GUf7snnK85754w1uKgkD9oq68ZHJk7w98MmW/wBNcL7QzfsMSpRdK8sOR5gPIHbjufprSFH4gXmmqPhpIqOoVB2elRW9iAVAOlew000kk9Xb3pKiCWBWUxkmNlJypVgccg599E66KPyYUkSVBJjpDqGVj7cHvj0OD9+s59QWfBiVylxkxs/puGDzTWfC5CFoZM5x6dJHp9+ov9LKP+FL/jpTiplV5BDU+U+SekHDMAOxB1y+Gqf/ALv56MjKYiUImT7JNXrWlrfVtS4+3KoyVH72Pf0Grw2LfrhNRfD22mrbzOFw0nwhLn3yqgjjPvjShtOntdukLUu36KeoRgyPVgysTk4I6jj04+XVq2K93O41Pw5SaKlVlPTTyYiX6FflUHvxnnQ7rCx8I4m45HQiDa+gapnL1FkuFHJIMYlpJFRiRwQQmM6U66jp6Sqk+NkQBueokdKn1GDyPTnWj7ZdXkqIKNamrDrhRB1nJ+4KTg6e6Cs2yJxS1xjSdF6vJ6UklVR3PS2WH4jGgfEgeUqEz5zGMaDyPNgnlfjPyyFgfxP/AC0R+Lkji6PKSTqIwHH2efu1fHi3YfAK3xNcLpuWo2rfZ1LJLFGjxTkjIMlKqj6ZZcHHvqh4aQ3KhjraG4rNGy9cLQoVWVckZAIBAyPofpoyMti7sSSjrxBlfZbDVOJana9NK7A9T0M3kufT0IDHn1Hpqvb5ti5W5memgqnppOSDG3XGATgOenpJwc5Untq24LJUy5zG8cw6QwYAZJ7t7H6aNW+114il8s5ZTno+YBx/Kcd/v1dWKnKn94QWMvBmbwQIm84EjpxkcEjI5I9fbVo+Hu4ar4OnpaGO0UE8M3ntda9pJXAXAUBTlVAGQFVc5Oc+mnO77Vp7zFJBcrcvSRw3QnmL9Ace2g9J4NUJp5BbLlXRsW6gs/TIijv6YIOq3XIy4bgw9ZDHpGK97xkoamW8V9BaN4tUEQyXYPmanPRjDcR9YIBwGGTjhsjJTL3JU7qrobdWpLZLcgQSQ08b4lXH1yV49yeT20ZXwn3DblDUN2piW4ZG6o2YegAwc/Ttr93dt3cvhntqjrdzUcFLUVx6KG2zTAVE6gZaZ4/tJGOOWwSSAB3IXrbDeHkwrdNqyvt4WGzWnc9A23o1poLjTszUUo6/hnU9PDHkhsdX3kjT34ObkhsdUtnvNJSotRIDDUyRKJIZSv2Q+MhXH5Mv82kegtG6r1O25VtdXPA4KLcXhMdLHjjCtgjA+mfzzpmp6aybct0e4L1Vm5VwXppVRiEZgMYjXOCRnlm7fTTNhLDaTBmtVXb1lk+Md9sMPhVXW6YJU1dx6IqCF1BMbBgxlB9AoGePcD11Svh54dVu+NzGPqaC2U3/AJyvVSQo/cX0Ln29O54797Zbbrv/AHFNW1nUlJGQssqEhI17iKPPr9fvJ9NW7TC72S0U1FZ62Clo4FXyqcIvSB6fQk+pPJ1RrO5QqOsqlJUbR1ljWOyWzb1vSgoZIYqZY1ihBTPSijABPcnHr7+mmO2UVlu1OaSV5KKpg+cVRPXD0j+1jPUD79J/DVHLfvEWSr8+m+FuKoSTTtTCMEfeOR94OhlbvLxAtlbK9VaZaZZAMwSt+xUfveZzj/30jtDtlW5le4ZP1pkGX5uOx/qXb5mqUpbnDOheKaklJVl/tDrHJOccEcaRvMsX8KX/AB/00s2Xxwp4dvVNk3BFTvC+GWSCZJyrDs+VI5xx2wcc++of/iNsz/6nP/8AqHTCtgYYc+0Ss0jhiaxx7xGtdNZaGkpZ/wBXGSR4+pZpZUVR6/YfPbPv+R060F5v9dGwp7ZWTRqitHHFFFFGcqrD5gSMEEH17/fgDtqm2slppbtfquJYSD0wF/LPUMHhz2Hocd+dWTZvFfaD2trXtKgtddcPLIhpZIWemVwMKZHQBEXtkk9tTg4zjMfazc3AgCW+2uOySDcvibYNvxA9UsFulWaqdQewWFuo5HdWJwRka5y+OPgZtVljtO37vu2UIJBUGMUcPWe4wQCPqAuDwe+dAL14I/0oqhuXeW9tp7ZqqkdEdv27ZmaM4ycnBjBOMktycDucaq2Hwg380lxmtu1bxdqKhmaB6+20rVEJAJw4KZ4YYI+h0wldLjlvp0kVli2M4+0m763ntbe9elZY/DWh23UPKpkqKavnnklBPIZWPSck98A6dPCCrW+2qbbb2xyKScJHPTyomUZmc9QZgSc8DpzqV4f/AKNd53Z4e0W+KncVstFuq5S0VPKkk0zRI2PMKgjpVirdPcnv2I1efhT4SbS8PErqio8UqSunr5QGpXompBkFjjqLMez9yvvrnurRcf7L3gbSinmcpdp2G1RItbdRTxP86pUl0GPUKzLg4+mRo7F4a0E9uWstF0hnkCh3iiqQpIzw4wQfbgjv66dr5vbZOzqWOLcqXClpamUQQSx00ldSysxwqdSK6ljkYVgCfbQSZPDSuuUMa+HN6eokl6knpKaptCq5HSOpyYo+sZPynPJ7HVAV6xHxmDpvDW8VzJJJVvMoXJkenYNGcc/OQMD3J0p0a7Opau5UO5L5Pb6yjhlqYo6QRmSqgjjy8ixscnB5AxllDMAQNX7Ydw0JtMtvk2zeI4apSk1Pcp6YFlK45ieUPjAHYj1wNUdvr9Ge0b+v1Td5F8QIaku37ShqqC4Q9Bz9lZXjlUY46WJx2ydCasWvgHAhabFQHf8ASVxP+kqlKaXbXhnsi5Utyq5kMFZMiSVtUjqMOGK5BJ5AACgcg+umOg8FL3uTdD7q8VGNVcY48pQSuZIYsclpW/3r+p7r/wAWmWxeFcPh1Wpdrlu682SOnhSJrhX+HaSOIlVR0tUQ9YPyovJ9BqTP40eG1luLiwfpG2ueVj1gXDa809MPxjx6cY7H6aOKEB8HX15kvqnIwg4gGv8AFLYnh5R3WlvFopLnd4YmmoIhUPCBgBTA5DYBGC4GAO698HVE11i8UPFzxLMd3tcFqgpoREK6anFFb6KlDM2Y+rCsGZmI6SS55+urC8VL54JLTR3Cus+yd211fGJoqnbFsrbfESSQxdhU9KEEcqV6hkcY1mq+3D4i6dTVFZUwRgPSxVtQ1T0If7ALHsMY7DtrqNIK+c5b86Roagv+hdolt73XZuy6mlsG16m53KT7EtZbtz/sxNgA9UIjZRk88NjuPTVYPdbnbrrW08N3rFZJGw7TseoHHJPb/D8tQpL8Z6WGKCBQyP15VensMD/PVi+Hlo2VuSklg3lBTJUdWYqynq5Iaps8dJH2GX6kZ7aMFKLlxLM6KODmLdyuF5mssUMt6rHg6lnw0+TGOAenBznBPHY6gfrCrerY1N7udR8pEcslTJ1MB9kH5j24/LTpuDw4sNNJPFt6/wBXPCyEwxzQgOMejcfN6DIweO2kZ7FWwQTRVDxSFD0gpJ1Nn+X66HWydAYUuHAZRxIiurV0ryZPVzjH2ucEk+vOu/xQ/cX8xqNHTpE4PU5dDnrY8fl9+u3lJ/DH97RmxJQkCNe3hTWm1Qint9HNLKQHmqohO+DngdeQPwA0zHct2pnht8EyR0zEv5arhVOSCQo4Hb217XtKZJZsxdlGVGPKP+z7fT3OjFzuHXUVKAhXdyeckA49xk49s/dpyqkmoS9wt9bV0lbS02EqoZSruFHUFk9HGR2YHGTjGva9pduuIrnxmHtqM1x8GaGvndhLXRNUEIcLBIvU3VEP7POTjkcnAGqOul2uNuuVTS0tXKsaSHpyckc57/mNe17QsDvGE09N+mfFLvvdVG7NS3iohcE4dHIK45BBzxyNHL1vjds91ernv9dLNPChd5Jmc9QJw2Se/Gva9rgOsI6jcOILa/3ecs0tbI/nKzOG+bJHqM9vw12p/EfcNouEdHSFFhmTy5RHPPCWGO/VHIpB5+0CD9de17QKmIsABnahVNecSLvKz1B2lLudNzbmWrikASOS7TzoAVBI/aszev72qRWhihr+pCx6XOA2GHPvka9r2t2k5BzFKlAAwJ0a0QVHmlpZVDnJVOkDj6Y19R7YopmDPVVeVAxhl/6de17TCyl8J0W0Lc7kPU1ZH3p/06mxbYpUlEaVtWqN/Z/ZnH3ZTjXte1BMXUAwzSbZWnXzIL1dUK4cAPGRkfQpqc9jjqW6qmunlZpixLRQ8+44j4H0Gva9pW0DOYxWek7Q+GO3ZAzCWtjKxowKMnBPfunrrj/4e2T+PW/31/6de17QwxI5MOOBP//Z',
        'base64'), 'https://cdn.pixabay.com/photo/2012/11/28/13/53/napoleon-bonaparte-67784__180.jpg', 13392,
        'MjExMWQwOTFlZjNmNDI3YTZkYTc4NmVlOTZlMGEyNjRkYmYwY2QxYiAgbmFwb2xlb24tYm9uYXBhcnRlLTY3Nzg0X18xODAuanBnCg==',
        'Napoleon', '2020-12-21T00:00:00Z');

INSERT INTO backbone_element (id)
VALUES -- patient 1 communication 1
       ('00000000-0000-0000-0000-000000000003'),
       -- patient 1 communication 2
       ('00000000-0000-0000-0000-000000000004'),
       -- Staat
       ('00000000-0000-0000-0000-00000000000d'),
       -- patient 1 contact 1
       ('00000000-0000-0000-0000-00000000000e'),
       -- patient 1 contact 2
       ('00000000-0000-0000-0000-00000000000f'),
       -- patient link 1
       ('00000000-0000-0000-0000-000000000019'),
       -- patient link 2
       ('00000000-0000-0000-0000-00000000001a');

INSERT INTO codeable_concept (id, text)
VALUES ('00000000-0000-0000-0000-000000000009', 'en-US'),
       ('00000000-0000-0000-0000-00000000000a', 'fr-FR'),
       ('00000000-0000-0000-0000-00000000000d', 'Staat'),
       ('00000000-0000-0000-0000-000000000011', 'Spouse'),
       ('00000000-0000-0000-0000-000000000012', 'Ex-Spouse'),
       ('00000000-0000-0000-0000-000000000018', 'married');

INSERT INTO communication (id, language, preferred)
VALUES -- patient 1 communication 1
       ('00000000-0000-0000-0000-000000000003', '00000000-0000-0000-0000-000000000009', FALSE),
       -- patient 1 communication 2
       ('00000000-0000-0000-0000-000000000004', '00000000-0000-0000-0000-00000000000a', TRUE);

INSERT INTO human_name (id, use, text, family, given, prefix, suffix, period_start, period_end)
VALUES -- patient 1 contact 1 human name 1
       ('00000000-0000-0000-0000-000000000005', 'OFFICIAL', 'Joséphine de Beauharnais', 'de Beauharnais',
        ARRAY ['Joséphine'], ARRAY []::text[], ARRAY []::TEXT[], '2020-07-08T00:00Z', '2022-07-08T00:00Z'),
       -- patient 1 contact 1 human name 2
       ('00000000-0000-0000-0000-000000000006', 'OFFICIAL', 'Joséphine Bonaparte', 'Bonaparte', ARRAY ['Joséphine'],
        ARRAY ['Kaiserin der Franzosen'], ARRAY ['Raecherin der Enterbten'], '2022-07-08T00:00-01:00', NULL),
       -- patient 1 contact 2 human name 1
       ('00000000-0000-0000-0000-000000000007', 'OFFICIAL',
        'Maria Ludovica Leopoldina Franziska Therese Josepha Lucia, Erzherzogin von Österreich', NULL,
        ARRAY ['Maria', 'Ludovica', 'Leopoldina', 'Franziska', 'Therese', 'Josepha', 'Lucia'], ARRAY []::text[],
        ARRAY ['Erzherzogin von Österreich'], '2021-01-01', '2021-08-07'),
       -- patient 1 human name
       ('00000000-0000-0000-0000-000000000008', 'OFFICIAL', 'Napoleon Bonaparte', 'Bonaparte', ARRAY ['Napoleon'],
        ARRAY []::text[], ARRAY []::text[], '2000-05-04T12:34:56+02:00', NULL);

INSERT INTO identifier (id, use, type, system, value, period_start, period_end)
VALUES ('00000000-0000-0000-0000-00000000000c', 'OFFICIAL', '00000000-0000-0000-0000-00000000000d',
        '/identifier/system/franz-kaiser', 'Franzoesisches Kaiserreich', '1805-08-07', '1817-05-31'),
       ('00000000-0000-0000-0000-00000000001b', 'OLD', '00000000-0000-0000-0000-00000000000d',
        '/identifier/system/blargh', 'some identifier', '2025-12-01', NULL);

INSERT INTO reference (id, reference, type, identifier, display)
VALUES ('00000000-0000-0000-0000-00000000000b', 'some org reference', 'organization',
        '00000000-0000-0000-0000-00000000000c', 'Franzoesisches Kaiserreich'),
       ('00000000-0000-0000-0000-00000000001c', 'some practitioner reference', 'practitioner',
        '00000000-0000-0000-0000-00000000001b', 'Dr Alban'),
       ('00000000-0000-0000-0000-00000000001d', 'patient 1', 'patient', '00000000-0000-0000-0000-00000000001b',
        'Napoleon Bonaparte'),
       ('00000000-0000-0000-0000-00000000001e', 'patient 1', 'patient', '00000000-0000-0000-0000-00000000001b',
        'Napoleon Bonaparte');

INSERT INTO contact (id, name, address, gender, organization, period_start, period_end)
VALUES ('00000000-0000-0000-0000-00000000000e', '00000000-0000-0000-0000-000000000006',
        '00000000-0000-0000-0000-000000000000', 'FEMALE', '00000000-0000-0000-0000-00000000000b', '2020-08-02',
        '2021-07-06'),
       ('00000000-0000-0000-0000-00000000000f', '00000000-0000-0000-0000-000000000007',
        '00000000-0000-0000-0000-000000000000', 'FEMALE', '00000000-0000-0000-0000-00000000000b', '2020-07-03',
        '2021-11-22');

INSERT INTO contact_relationship (contact, relationship)
VALUES ('00000000-0000-0000-0000-00000000000e', '00000000-0000-0000-0000-000000000012'),
       ('00000000-0000-0000-0000-00000000000f', '00000000-0000-0000-0000-000000000011');

INSERT INTO contact_point (id, system, value, use, rank, period_start, period_end)
VALUES ('00000000-0000-0000-0000-000000000010', 'PHONE', '0123456789', 'HOME', 1, '2000-08-01', NULL);

INSERT INTO contact_contact_point (contact, contact_point)
VALUES ('00000000-0000-0000-0000-00000000000e', '00000000-0000-0000-0000-000000000010'),
       ('00000000-0000-0000-0000-00000000000f', '00000000-0000-0000-0000-000000000010');

INSERT INTO coding (id, system, uri, code, display, user_selected)
VALUES ('00000000-0000-0000-0000-000000000016', 'https://example.com/coding/system', 'https://example.com/coding/1',
        'PUBLIC', 'Public Knowledge', FALSE);

INSERT INTO codeable_concept_coding(codeable_concept, coding)
VALUES ('00000000-0000-0000-0000-00000000000d', '00000000-0000-0000-0000-000000000016');

INSERT INTO extension (id, uri, value)
VALUES ('00000000-0000-0000-0000-000000000013', 'https://example.com/fhir/extension/1', '1'),
       ('00000000-0000-0000-0000-000000000014', 'https://example.com/fhir/extension/2', '2'),
       ('00000000-0000-0000-0000-00000000001f', 'https://example.com/fhir/extension/nested', '[]');

INSERT INTO backbone_element_modifier_extension (backbone_element, modifier_extension)
VALUES ('00000000-0000-0000-0000-000000000003', '00000000-0000-0000-0000-000000000013'),
       ('00000000-0000-0000-0000-000000000003', '00000000-0000-0000-0000-000000000014');

INSERT INTO element_extension (element, extension)
VALUES ('00000000-0000-0000-0000-000000000003', '00000000-0000-0000-0000-000000000013'),
       ('00000000-0000-0000-0000-000000000003', '00000000-0000-0000-0000-000000000014'),
       ('00000000-0000-0000-0000-000000000013', '00000000-0000-0000-0000-00000000001f');

INSERT INTO meta (id, version, last_updated, source, profile)
VALUES ('00000000-0000-0000-0000-000000000015', '1', '2025-09-13T13:32:20+09:00', 'https://example.com/meta/source',
        ARRAY ['https://example.com/meta/profile']);

INSERT INTO meta_tag (meta, tag)
VALUES ('00000000-0000-0000-0000-000000000015', '00000000-0000-0000-0000-000000000016');

INSERT INTO meta_security (meta, security)
VALUES ('00000000-0000-0000-0000-000000000015', '00000000-0000-0000-0000-000000000016');

INSERT INTO narrative (id, status, div)
VALUES ('00000000-0000-0000-0000-000000000017', 'GENERATED', '<p>Some narrative</p>');

INSERT INTO resource (id, meta, implicit_rules, language)
VALUES -- patient 1
       ('00000000-0000-0000-0000-000000000000', '00000000-0000-0000-0000-000000000015',
        'https://example.com/fhir/rules/1', 'en-US'),
       -- patient 2
       ('00000000-0000-0000-0000-000000000001', '00000000-0000-0000-0000-000000000015',
        'https://example.com/fhir/rules/1', 'en-US');

INSERT INTO domain_resource (id, text)
VALUES -- patient 0
       ('00000000-0000-0000-0000-000000000000', '00000000-0000-0000-0000-000000000017'),
       -- patient 1
       ('00000000-0000-0000-0000-000000000001', '00000000-0000-0000-0000-000000000017');

INSERT INTO domain_resource_extension (domain_resource, extension)
VALUES ('00000000-0000-0000-0000-000000000000', '00000000-0000-0000-0000-000000000013');

INSERT INTO domain_resource_modifier_extension (domain_resource, modifier_extension)
VALUES ('00000000-0000-0000-0000-000000000000', '00000000-0000-0000-0000-000000000014');

INSERT INTO patient (id, active, gender, birthdate, deceased, deceased_date_time, marital_status, multiple_birth,
                     multiple_birth_integer, managing_organization)
VALUES ('00000000-0000-0000-0000-000000000000', TRUE, 'MALE', '1992-07-12', FALSE, NULL,
        '00000000-0000-0000-0000-000000000018', TRUE, 3, '00000000-0000-0000-0000-00000000000b'),
       ('00000000-0000-0000-0000-000000000001', FALSE, 'MALE', '1991-07-12', FALSE, NULL,
        '00000000-0000-0000-0000-000000000018', TRUE, 2, '00000000-0000-0000-0000-00000000000b');

INSERT INTO patient_address (patient, address)
VALUES ('00000000-0000-0000-0000-000000000000', '00000000-0000-0000-0000-000000000000'),
       ('00000000-0000-0000-0000-000000000001', '00000000-0000-0000-0000-000000000000');

INSERT INTO patient_communication (patient, communication)
VALUES ('00000000-0000-0000-0000-000000000000', '00000000-0000-0000-0000-000000000003'),
       ('00000000-0000-0000-0000-000000000000', '00000000-0000-0000-0000-000000000004'),
       ('00000000-0000-0000-0000-000000000001', '00000000-0000-0000-0000-000000000003'),
       ('00000000-0000-0000-0000-000000000001', '00000000-0000-0000-0000-000000000004');

INSERT INTO patient_contact (patient, contact)
VALUES ('00000000-0000-0000-0000-000000000000', '00000000-0000-0000-0000-00000000000e'),
       ('00000000-0000-0000-0000-000000000001', '00000000-0000-0000-0000-00000000000e');

INSERT INTO patient_general_practitioner (patient, general_practitioner)
VALUES ('00000000-0000-0000-0000-000000000000', '00000000-0000-0000-0000-00000000001c'),
       ('00000000-0000-0000-0000-000000000001', '00000000-0000-0000-0000-00000000001c');

INSERT INTO patient_identifier (patient, identifier)
VALUES ('00000000-0000-0000-0000-000000000000', '00000000-0000-0000-0000-00000000001b'),
       ('00000000-0000-0000-0000-000000000001', '00000000-0000-0000-0000-00000000001b');

INSERT INTO patient_link (id, patient, other, type)
VALUES ('00000000-0000-0000-0000-000000000019', '00000000-0000-0000-0000-000000000000',
        '00000000-0000-0000-0000-00000000001e', 'REPLACES'),
       ('00000000-0000-0000-0000-00000000001a', '00000000-0000-0000-0000-000000000001',
        '00000000-0000-0000-0000-00000000001d', 'REPLACED-BY');

INSERT INTO patient_name (patient, name)
VALUES ('00000000-0000-0000-0000-000000000000', '00000000-0000-0000-0000-000000000008'),
       ('00000000-0000-0000-0000-000000000001', '00000000-0000-0000-0000-000000000008');

INSERT INTO patient_photo (patient, photo)
VALUES ('00000000-0000-0000-0000-000000000000', '00000000-0000-0000-0000-000000000001'),
       ('00000000-0000-0000-0000-000000000001', '00000000-0000-0000-0000-000000000001');

INSERT INTO patient_telecom (patient, telecom)
VALUES ('00000000-0000-0000-0000-000000000000', '00000000-0000-0000-0000-000000000010'),
       ('00000000-0000-0000-0000-000000000001', '00000000-0000-0000-0000-000000000010');
